chromosome	start	end	copyNumber	bafCount	observedBAF	baf	segmentStartSupport	segmentEndSupport	method	depthWindowCount	gcContent	minStart	maxStart	minorAlleleCopyNumber	majorAlleleCopyNumber
chr1	1	86871328	2.8134	28757	0.7101	0.7116	TELOMERE	BND	BAF_WEIGHTED	77815	0.4359	1	1	0.8115	2.0019
chr1	86871329	117973563	2.0052	12574	1.0000	1.0050	BND	DEL	BAF_WEIGHTED	28737	0.3899	86871329	86871329	0.0000	2.0052
chr1	117973564	117973598	1.2013	0	0.0000	1.0084	DEL	DEL	STRUCTURAL_VARIANT	0	0.0000	117973564	117973564	0.0000	1.2013
chr1	117973599	123605522	2.0260	636	1.0000	1.0050	DEL	CENTROMERE	BAF_WEIGHTED	1879	0.3958	117973599	117973599	0.0000	2.0260
chr1	123605523	143236173	6.0289	0	0.0000	1.0017	CENTROMERE	BND	STRUCTURAL_VARIANT	0	0.3582	123605523	123605523	0.0000	6.0289
chr1	143236174	148142020	3.9454	358	1.0000	1.0026	BND	DUP	BAF_WEIGHTED	1111	0.4232	143236174	143236174	0.0000	3.9454
chr1	148142021	148142060	5.8865	0	0.0000	1.0017	DUP	DUP	STRUCTURAL_VARIANT	0	0.0000	148142021	148142021	0.0000	5.8865
chr1	148142061	207807886	3.9305	21805	1.0000	1.0026	DUP	DEL	BAF_WEIGHTED	53522	0.4045	148142061	148142061	0.0000	3.9305
chr1	207807887	207841474	3.0111	2	1.0000	1.0034	DEL	DEL	BAF_WEIGHTED	33	0.4951	207807887	207807887	0.0000	3.0111
chr1	207841475	224458900	3.9447	6570	1.0000	1.0026	DEL	DUP	BAF_WEIGHTED	15586	0.4016	207841475	207841475	0.0000	3.9447
chr1	224458901	224595093	5.9595	114	1.0000	1.0017	DUP	DEL	BAF_WEIGHTED	133	0.4259	224458901	224458901	0.0000	5.9595
chr1	224595094	224598331	3.9904	2	1.0000	1.0025	DEL	DEL	BAF_WEIGHTED	2	0.4305	224595094	224595094	0.0000	3.9904
chr1	224598332	224612418	6.0084	7	1.0000	1.0017	DEL	DUP	BAF_WEIGHTED	13	0.4196	224598332	224598332	0.0000	6.0084
chr1	224612419	248956422	3.9044	10362	1.0000	1.0026	DUP	TELOMERE	BAF_WEIGHTED	22057	0.4174	224612419	224612419	0.0000	3.9044
chr2	1	849321	3.0274	290	0.6585	0.6596	TELOMERE	DUP	BAF_WEIGHTED	758	0.4334	1	1	1.0305	1.9969
chr2	849322	849390	3.7166	0	0.0000	0.7306	DUP	DUP	STRUCTURAL_VARIANT	0	0.0000	849322	849322	1.0011	2.7155
chr2	849391	91789391	3.0226	37506	0.6677	0.6688	DUP	INV	BAF_WEIGHTED	81892	0.4063	849391	849391	1.0011	2.0215
chr2	91789392	93139350	2.7374	0	0.0000	0.6343	INV	CENTROMERE	NON_DIPLOID	5	0.4617	91789392	91789392	1.0011	1.7363
chr2	93139351	94278255	7.1403	0	0.0000	0.8601	CENTROMERE	INV	STRUCTURAL_VARIANT	0	0.2890	93139351	93139351	0.9992	6.1411
chr2	94278256	94278558	3.2936	0	0.0000	0.6966	INV	MULTIPLE	STRUCTURAL_VARIANT	0	0.0000	94278256	94278256	0.9992	2.2944
chr2	94278559	94282241	4.0811	0	0.0000	0.7552	MULTIPLE	INV	STRUCTURAL_VARIANT	0	0.0000	94278559	94278559	0.9992	3.0819
chr2	94282242	94293015	4.8565	0	0.0000	0.7943	INV	INV	STRUCTURAL_VARIANT	0	0.0000	94282242	94282242	0.9992	3.8573
chr2	94293016	122603588	3.0176	9911	0.6677	0.6689	INV	SGL	BAF_WEIGHTED	23005	0.4188	94293016	94293016	0.9992	2.0184
chr2	122603589	242193529	3.0268	45336	0.6676	0.6688	SGL	TELOMERE	BAF_WEIGHTED	110638	0.3925	122603589	122603589	1.0026	2.0242
chr3	1	24523616	2.0074	12124	1.0000	1.0050	TELOMERE	INV	BAF_WEIGHTED	22776	0.4067	1	1	0.0000	2.0074
chr3	24523617	24524688	6.0581	0	0.0000	0.6670	INV	INV	STRUCTURAL_VARIANT	0	0.0000	24523617	24523617	2.0175	4.0406
chr3	24524689	25290092	10.1089	273	0.8018	0.8024	INV	BND	BAF_WEIGHTED	741	0.3751	24524689	24524689	1.9975	8.1114
chr3	25290093	25359111	12.0760	66	0.8289	0.8295	BND	BND	BAF_WEIGHTED	60	0.3998	25290093	25290093	2.0596	10.0165
chr3	25359112	25359568	9.8388	0	0.0000	0.7967	BND	BND	STRUCTURAL_VARIANT	0	0.0000	25359112	25359112	1.9999	7.8389
chr3	25359569	26390427	8.0198	424	0.7500	0.7506	BND	BND	BAF_WEIGHTED	971	0.3870	25359569	25359569	1.9999	6.0199
chr3	26390428	26622431	11.9488	9	0.8182	0.8187	BND	INV	BAF_WEIGHTED	202	0.3741	26390428	26390428	2.1658	9.7829
chr3	26622432	26623007	7.9835	0	0.0000	0.7503	INV	INV	STRUCTURAL_VARIANT	0	0.0000	26622432	26622432	1.9934	5.9901
chr3	26623008	60147026	4.0183	11319	0.5391	0.5039	INV	DEL	BAF_WEIGHTED	31344	0.4226	26623008	26623008	1.9934	2.0248
chr3	60147027	60218814	2.8498	51	0.6689	0.6701	DEL	DEL	BAF_WEIGHTED	70	0.3893	60147027	60147027	0.9403	1.9095
chr3	60218815	60886452	3.9231	324	0.5347	0.5093	DEL	DEL	BAF_WEIGHTED	643	0.3830	60218815	60218815	1.9251	1.9980
chr3	60886453	61027541	2.9539	57	0.6610	0.6621	DEL	DEL	BAF_WEIGHTED	124	0.3782	60886453	60886453	0.9982	1.9557
chr3	61027542	90424598	4.0132	12824	0.5399	0.5043	DEL	DEL	BAF_WEIGHTED	27068	0.3754	61027542	61027542	1.9892	2.0240
chr3	90424599	90424769	3.2147	0	0.0000	0.6296	DEL	DEL	STRUCTURAL_VARIANT	0	0.0000	90424599	90424599	1.1907	2.0240
chr3	90424770	92214015	3.5373	0	0.0000	0.5722	DEL	CENTROMERE	NON_DIPLOID	21	0.3814	90424770	90424770	1.5133	2.0240
chr3	92214016	128694268	4.0246	12741	0.5404	0.5064	CENTROMERE	SGL	BAF_WEIGHTED	32368	0.3869	92214016	92214016	1.9867	2.0379
chr3	128694269	186724386	4.0039	22990	0.5399	0.5032	SGL	DEL	BAF_WEIGHTED	54291	0.3876	128694269	128694269	1.9892	2.0146
chr3	186724387	186795843	3.7433	59	0.5385	0.5343	DEL	DEL	BAF_WEIGHTED	69	0.4303	186724387	186724387	1.7433	2.0000
chr3	186795844	198295559	3.9860	5457	0.5383	0.5038	DEL	TELOMERE	BAF_WEIGHTED	10395	0.4098	186795844	186795844	1.9776	2.0083
chr4	1	50726025	2.0241	23330	0.5557	0.5208	TELOMERE	CENTROMERE	BAF_WEIGHTED	44389	0.3998	1	1	0.9699	1.0542
chr4	50726026	65346238	3.8503	5976	0.5399	0.5204	CENTROMERE	DUP	BAF_WEIGHTED	12394	0.3719	50726026	50726026	1.8467	2.0036
chr4	65346239	65346321	6.0066	0	0.0000	0.6903	DUP	DUP	STRUCTURAL_VARIANT	0	0.0000	65346239	65346239	1.8600	4.1466
chr4	65346322	148507753	3.8594	35870	0.5406	0.5181	DUP	SGL	BAF_WEIGHTED	76100	0.3699	65346322	65346322	1.8600	1.9994
chr4	148507754	190214555	3.8388	17345	0.5408	0.5209	SGL	TELOMERE	BAF_WEIGHTED	38826	0.3768	148507754	148507754	1.8392	1.9996
chr5	1	28787889	2.0032	13426	1.0000	1.0050	TELOMERE	DEL	BAF_WEIGHTED	26006	0.3928	1	1	0.0000	2.0032
chr5	28787890	28962988	0.9773	146	1.0000	1.0000	DEL	DEL	BAF_WEIGHTED	154	0.3472	28787890	28787890	0.0000	0.9773
chr5	28962989	48272853	2.0059	8609	1.0000	1.0050	DEL	CENTROMERE	BAF_WEIGHTED	15817	0.3849	28962989	28962989	0.0000	2.0059
chr5	48272854	179546287	2.0125	51435	1.0000	1.0050	CENTROMERE	DEL	BAF_WEIGHTED	118266	0.3939	48272854	48272854	0.0000	2.0125
chr5	179546288	179546320	0.7880	0	0.0000	1.0000	DEL	DEL	STRUCTURAL_VARIANT	0	0.0000	179546288	179546288	0.0000	0.7880
chr5	179546321	181538259	1.9885	921	1.0000	1.0051	DEL	TELOMERE	BAF_WEIGHTED	1410	0.4737	179546321	179546321	0.0000	1.9885
chr6	1	26193864	3.8843	12972	0.5406	0.5151	TELOMERE	BND	BAF_WEIGHTED	24701	0.4118	1	1	1.8835	2.0008
chr6	26193865	26193889	7.5185	0	0.0000	0.7561	BND	INV	STRUCTURAL_VARIANT	0	0.0000	26193865	26193865	1.8335	5.6850
chr6	26193890	26194178	7.5819	0	0.0000	0.7582	INV	INV	STRUCTURAL_VARIANT	0	0.0000	26193890	26193890	1.8335	5.7485
chr6	26194179	59191910	3.8341	15343	0.5418	0.5218	INV	CENTROMERE	BAF_WEIGHTED	28760	0.4214	26194179	26194179	1.8335	2.0006
chr6	59191911	64588484	3.7942	1745	0.5417	0.5283	CENTROMERE	BND	BAF_WEIGHTED	2990	0.3595	59191911	59191911	1.7899	2.0043
chr6	64588485	138452921	2.8734	30151	0.6535	0.6546	BND	BND	BAF_WEIGHTED	68862	0.3738	64588485	64588485	0.9924	1.8810
chr6	138452922	138453044	4.1258	0	0.0000	0.7595	BND	BND	STRUCTURAL_VARIANT	0	0.0000	138452922	138452922	0.9924	3.1334
chr6	138453045	170805979	2.8824	14407	0.6518	0.6529	BND	TELOMERE	BAF_WEIGHTED	30274	0.4068	138453045	138453045	1.0005	1.8819
chr7	1	6752241	3.9370	2562	0.5405	0.5089	TELOMERE	DUP	BAF_WEIGHTED	5206	0.5036	1	1	1.9334	2.0036
chr7	6752242	6752308	4.8726	0	0.0000	0.5819	DUP	DUP	STRUCTURAL_VARIANT	0	0.0000	6752242	6752242	2.0372	2.8354
chr7	6752309	12908284	4.0374	4557	0.5394	0.5046	DUP	SGL	BAF_WEIGHTED	5589	0.3643	6752309	6752309	2.0002	2.0372
chr7	12908285	52372658	4.0580	17403	0.5396	0.5069	SGL	DEL	BAF_WEIGHTED	36321	0.3997	12908285	12908285	2.0012	2.0568
chr7	52372659	52372691	2.5541	0	0.0000	0.8053	DEL	DEL	STRUCTURAL_VARIANT	0	0.0000	52372659	52372659	0.4973	2.0568
chr7	52372692	57403873	3.9661	2671	0.5412	0.5044	DEL	DEL	BAF_WEIGHTED	4035	0.3981	52372692	52372692	1.9658	2.0003
chr7	57403874	57436403	1.9582	12	1.0000	1.0050	DEL	DEL	BAF_WEIGHTED	17	0.4359	57403874	57403874	0.0000	1.9582
chr7	57436404	59498943	3.9358	95	0.5513	0.5082	DEL	CENTROMERE	BAF_WEIGHTED	109	0.4007	57436404	57436404	1.9358	2.0000
chr7	59498944	78352522	3.8773	5534	0.5411	0.5158	CENTROMERE	DEL	BAF_WEIGHTED	11311	0.4380	59498944	59498944	1.8775	1.9998
chr7	78352523	78452931	3.0443	67	0.6721	0.6732	DEL	DEL	BAF_WEIGHTED	96	0.3650	78352523	78352523	0.9948	2.0496
chr7	78452932	78560889	3.9886	11	0.5224	0.5014	DEL	DEL	BAF_WEIGHTED	106	0.3681	78452932	78452932	1.9886	2.0000
chr7	78560890	78628369	3.0218	42	0.6819	0.6831	DEL	DEL	BAF_WEIGHTED	65	0.3721	78560890	78560890	0.9577	2.0641
chr7	78628370	86215351	4.0500	3647	0.5392	0.5068	DEL	DUP	BAF_WEIGHTED	7230	0.3511	78628370	78628370	1.9975	2.0526
chr7	86215352	86224384	5.0025	8	0.5558	0.5558	DUP	DUP	BAF_WEIGHTED	8	0.3853	86215352	86215352	2.2221	2.7804
chr7	86224385	104844620	4.0058	6871	0.5399	0.5082	DUP	DUP	BAF_WEIGHTED	16365	0.4018	86224385	86224385	1.9702	2.0357
chr7	104844621	104971854	6.0764	20	0.6713	0.6719	DUP	DUP	BAF_WEIGHTED	115	0.4419	104844621	104844621	1.9938	4.0826
chr7	104971855	110753276	4.0462	1864	0.5405	0.5078	DUP	DEL	BAF_WEIGHTED	5425	0.3886	104971855	104971855	1.9917	2.0545
chr7	110753277	110754404	3.1391	0	0.0000	0.6361	DEL	DEL	STRUCTURAL_VARIANT	0	0.0000	110753277	110753277	1.1422	1.9969
chr7	110754405	126106069	4.0351	5655	0.5406	0.5051	DEL	DEL	BAF_WEIGHTED	14488	0.3627	110754405	110754405	1.9969	2.0382
chr7	126106070	126458435	1.9660	194	1.0000	1.0051	DEL	INV	BAF_WEIGHTED	331	0.3493	126106070	126106070	0.0000	1.9660
chr7	126458436	126526846	3.9146	36	0.5416	0.5119	INV	DEL	BAF_WEIGHTED	64	0.3537	126458436	126458436	1.9109	2.0037
chr7	126526847	126527387	6.8398	0	0.0000	0.7071	DEL	INV	STRUCTURAL_VARIANT	0	0.0000	126526847	126526847	2.0035	4.8363
chr7	126527388	126527390	9.9420	0	0.0000	0.7985	INV	MULTIPLE	STRUCTURAL_VARIANT	0	0.0000	126527388	126527388	2.0035	7.9385
chr7	126527391	144239441	6.0293	6468	0.6671	0.6677	MULTIPLE	INV	BAF_WEIGHTED	15723	0.4174	126527391	126527391	2.0035	4.0258
chr7	144239442	144240113	10.1471	0	0.0000	0.8026	INV	INV	STRUCTURAL_VARIANT	0	0.0000	144239442	144239442	2.0035	8.1436
chr7	144240114	144241248	12.4811	0	0.0000	0.8395	INV	INV	STRUCTURAL_VARIANT	0	0.0000	144240114	144240114	2.0035	10.4776
chr7	144241249	144242721	8.7322	0	0.0000	0.7706	INV	INV	STRUCTURAL_VARIANT	0	0.0000	144241249	144241249	2.0035	6.7287
chr7	144242722	144262133	4.8195	0	0.0000	0.5843	INV	DEL	BAF_WEIGHTED	1	0.4010	144242722	144242722	2.0035	2.8160
chr7	144262134	144308257	3.0303	0	0.0000	0.6612	DEL	DEL	STRUCTURAL_VARIANT	0	0.0000	144262134	144262134	1.0268	2.0035
chr7	144308258	144391700	3.7651	6	0.5341	0.5312	DEL	DEL	BAF_WEIGHTED	14	0.4441	144308258	144308258	1.7651	2.0000
chr7	144391701	144393372	5.6152	0	0.0000	0.6427	DEL	INV	BAF_WEIGHTED	1	0.4630	144391701	144391701	2.0061	3.6091
chr7	144393373	151049570	3.9717	3368	0.5413	0.5051	INV	BND	BAF_WEIGHTED	5699	0.4004	144393373	144393373	1.9656	2.0061
chr7	151049571	159345973	1.9983	3949	0.9999	1.0049	BND	TELOMERE	BAF_WEIGHTED	7010	0.4606	151049571	151049571	0.0000	1.9983
chr8	1	44955504	3.3377	23030	0.5457	0.5457	TELOMERE	CENTROMERE	BAF_WEIGHTED	39140	0.4130	1	1	1.5163	1.8214
chr8	44955505	57071732	3.3217	3847	0.5455	0.5455	CENTROMERE	SGL	BAF_WEIGHTED	9627	0.3956	44955505	44955505	1.5097	1.8120
chr8	57071733	130235869	3.3507	25497	0.5456	0.5456	SGL	DUP	BAF_WEIGHTED	68831	0.3819	57071733	57071733	1.5225	1.8282
chr8	130235870	130262400	4.0288	16	0.5705	0.5709	DUP	DUP	BAF_WEIGHTED	26	0.3843	130235870	130235870	1.7289	2.2998
chr8	130262401	145138636	3.3636	6578	0.5442	0.5442	DUP	TELOMERE	BAF_WEIGHTED	12940	0.4469	130262401	130262401	1.5332	1.8304
chr9	1	28031837	1.9968	15666	1.0000	1.0051	TELOMERE	INV	BAF_WEIGHTED	26032	0.3807	1	1	0.0000	1.9968
chr9	28031838	28031864	0.9634	0	0.0000	1.0000	INV	INV	STRUCTURAL_VARIANT	0	0.0000	28031838	28031838	0.0000	0.9634
chr9	28031865	28034288	1.7847	1	1.0000	1.0057	INV	DEL	BAF_WEIGHTED	2	0.4270	28031865	28031865	0.0000	1.7847
chr9	28034289	28034468	1.0941	0	0.0000	1.0092	DEL	INV	STRUCTURAL_VARIANT	0	0.0000	28034289	28034289	0.0000	1.0941
chr9	28034469	28059142	2.0342	14	1.0000	1.0050	INV	INV	BAF_WEIGHTED	23	0.3638	28034469	28034469	0.0000	2.0342
chr9	28059143	28157693	0.9740	58	1.0000	1.0000	INV	DEL	BAF_WEIGHTED	78	0.3622	28059143	28059143	0.0000	0.9740
chr9	28157694	30338966	1.9822	1592	1.0000	1.0051	DEL	SGL	BAF_WEIGHTED	2066	0.3506	28157694	28157694	0.0000	1.9822
chr9	30338967	44377362	3.9479	2847	0.5398	0.5063	SGL	CENTROMERE	BAF_WEIGHTED	7513	0.4212	30338967	30338967	1.9490	1.9988
chr9	44377363	110701870	3.7100	17135	0.5499	0.5395	CENTROMERE	SGL	BAF_WEIGHTED	39145	0.4057	44377363	44377363	1.7084	2.0016
chr9	110701871	138394717	3.6997	9877	0.5493	0.5398	SGL	TELOMERE	BAF_WEIGHTED	24405	0.4598	110701871	110701871	1.7024	1.9973
chr10	1	7017549	2.0054	4084	1.0000	1.0050	TELOMERE	BND	BAF_WEIGHTED	6433	0.4303	1	1	0.0000	2.0054
chr10	7017550	7090912	2.8939	10	0.6565	0.6576	BND	BND	BAF_WEIGHTED	64	0.4129	7017550	7017550	0.9908	1.9030
chr10	7090913	7592409	1.9455	210	1.0000	1.0052	BND	BND	BAF_WEIGHTED	486	0.4368	7090913	7090913	0.0000	1.9455
chr10	7592410	33097525	2.8019	11843	0.7104	0.7119	BND	DEL	BAF_WEIGHTED	24028	0.4051	7592410	7592410	0.8072	1.9947
chr10	33097526	35830132	1.9960	1118	1.0000	1.0051	DEL	DEL	BAF_WEIGHTED	2641	0.4162	33097526	33097526	0.0000	1.9960
chr10	35830133	35830199	2.5675	0	0.0000	1.0039	DEL	BND	STRUCTURAL_VARIANT	0	0.0000	35830133	35830133	0.0000	2.5675
chr10	35830200	40640101	1.9610	832	1.0000	1.0052	BND	CENTROMERE	BAF_WEIGHTED	2161	0.3919	35830200	35830200	0.0000	1.9610
chr10	40640102	58717463	1.9981	6656	1.0000	1.0051	CENTROMERE	BND	BAF_WEIGHTED	12930	0.3927	40640102	40640102	0.0000	1.9981
chr10	58717464	58717662	4.4727	0	0.0000	1.0023	BND	BND	STRUCTURAL_VARIANT	0	0.0000	58717464	58717464	0.0000	4.4727
chr10	58717663	81882050	2.0137	9672	1.0000	1.0050	BND	DEL	BAF_WEIGHTED	21556	0.4151	58717663	58717663	0.0000	2.0137
chr10	81882051	82067909	1.8149	112	1.0000	1.0056	DEL	DEL	BAF_WEIGHTED	174	0.3746	81882051	81882051	0.0000	1.8149
chr10	82067910	87940542	1.9989	2812	1.0000	1.0051	DEL	DEL	BAF_WEIGHTED	5125	0.4035	82067910	82067910	0.0000	1.9989
chr10	87940543	87952583	0.0000	0	0.0000	1.0000	DEL	DEL	BAF_WEIGHTED	11	0.3647	87940543	87940543	0.0000	0.0000
chr10	87952584	133797422	2.0177	19174	1.0000	1.0050	DEL	TELOMERE	BAF_WEIGHTED	42725	0.4281	87952584	87952584	0.0000	2.0177
chr11	1	37438553	3.2325	18616	1.0000	1.0031	TELOMERE	INV	BAF_WEIGHTED	33334	0.4093	1	1	0.0000	3.2325
chr11	37438554	40837689	3.1801	1070	1.0000	1.0032	INV	INV	BAF_WEIGHTED	3195	0.3568	37438554	37438554	0.0000	3.1801
chr11	40837690	52751710	2.9708	2588	1.0000	1.0034	INV	CENTROMERE	BAF_WEIGHTED	7939	0.4233	40837690	40837690	0.0000	2.9708
chr11	52751711	70371346	2.9423	5121	1.0000	1.0034	CENTROMERE	SGL	BAF_WEIGHTED	13125	0.4598	52751711	52751711	0.0000	2.9423
chr11	70371347	81074557	2.9559	3316	1.0000	1.0034	SGL	DEL	BAF_WEIGHTED	9594	0.4418	70371347	70371347	0.0000	2.9559
chr11	81074558	81382738	1.5510	311	1.0000	1.0065	DEL	DEL	BAF_WEIGHTED	298	0.3602	81074558	81074558	0.0000	1.5510
chr11	81382739	135086622	2.9042	23462	1.0000	1.0035	DEL	TELOMERE	BAF_WEIGHTED	49519	0.4035	81382739	81382739	0.0000	2.9042
chr12	1	35977329	3.0134	16016	0.6686	0.6697	TELOMERE	CENTROMERE	BAF_WEIGHTED	31341	0.4018	1	1	0.9953	2.0182
chr12	35977330	72273111	3.0168	13197	0.6699	0.6710	CENTROMERE	BND	BAF_WEIGHTED	31788	0.4032	35977330	35977330	0.9925	2.0243
chr12	72273112	72273294	5.5168	0	0.0000	0.8201	BND	BND	STRUCTURAL_VARIANT	0	0.0000	72273112	72273112	0.9925	4.5243
chr12	72273295	91767370	3.0293	7545	0.6682	0.6693	BND	DEL	BAF_WEIGHTED	18336	0.3587	72273295	72273295	1.0017	2.0276
chr12	91767371	91767405	2.0162	0	0.0000	0.5081	DEL	DEL	STRUCTURAL_VARIANT	0	0.0000	91767371	91767371	0.9918	1.0244
chr12	91767406	129287232	2.9858	15463	0.6667	0.6678	DEL	SGL	BAF_WEIGHTED	35795	0.4323	91767406	91767406	0.9918	1.9940
chr12	129287233	133275309	2.9865	2131	0.6685	0.6696	SGL	TELOMERE	BAF_WEIGHTED	3238	0.4795	129287233	129287233	0.9866	1.9999
chr13	1	17025623	3.1611	0	0.0000	0.5520	TELOMERE	CENTROMERE	LONG_ARM	0	0.0000	1	1	1.4162	1.7449
chr13	17025624	59982890	3.1611	17249	0.5520	0.5520	CENTROMERE	SGL	BAF_WEIGHTED	38047	0.3948	17025624	17025624	1.4162	1.7449
chr13	59982891	114364328	3.1436	24097	0.5525	0.5525	SGL	TELOMERE	BAF_WEIGHTED	51254	0.3746	59982891	59982891	1.4069	1.7367
chr14	1	17086761	3.0189	0	0.0000	1.0033	TELOMERE	CENTROMERE	LONG_ARM	0	0.0000	1	1	0.0000	3.0189
chr14	17086762	40748748	3.0189	8736	1.0000	1.0033	CENTROMERE	DUP	BAF_WEIGHTED	19130	0.3901	17086762	17086762	0.0000	3.0189
chr14	40748749	40774902	3.1554	17	1.0000	1.0032	DUP	DUP	BAF_WEIGHTED	25	0.3480	40748749	40748749	0.0000	3.1554
chr14	40774903	71605134	3.0257	10557	1.0000	1.0033	DUP	SGL	BAF_WEIGHTED	28557	0.3917	40774903	40774903	0.0000	3.0257
chr14	71605135	72547941	2.9792	489	1.0000	1.0034	SGL	DUP	BAF_WEIGHTED	889	0.4146	71605135	71605135	0.0000	2.9792
chr14	72547942	72548039	6.9488	0	0.0000	1.0015	DUP	DUP	STRUCTURAL_VARIANT	0	0.0000	72547942	72547942	0.0000	6.9488
chr14	72548040	104093751	3.0110	13978	1.0000	1.0034	DUP	DEL	BAF_WEIGHTED	30030	0.4272	72548040	72548040	0.0000	3.0110
chr14	104093752	104093807	1.4629	0	0.0000	1.0069	DEL	DEL	STRUCTURAL_VARIANT	0	0.0000	104093752	104093752	0.0000	1.4629
chr14	104093808	107043718	3.0460	304	1.0000	1.0033	DEL	TELOMERE	BAF_WEIGHTED	846	0.5596	104093808	104093808	0.0000	3.0460
chr15	1	18362626	7.7646	0	0.0000	0.7741	TELOMERE	CENTROMERE	LONG_ARM	0	0.0000	1	1	1.7543	6.0103
chr15	18362627	20736697	7.7646	0	0.0000	0.7741	CENTROMERE	BND	NON_DIPLOID	36	0.3384	18362627	18362627	1.7543	6.0103
chr15	20736698	23440460	3.7541	92	0.5478	0.5327	BND	BND	BAF_WEIGHTED	346	0.4602	20736698	20736698	1.7543	1.9998
chr15	23440461	23461731	4.6868	29	0.5798	0.5801	BND	BND	BAF_WEIGHTED	15	0.4173	23440461	23440461	1.9678	2.7190
chr15	23461732	23467471	5.8343	5	0.6496	0.6501	BND	BND	BAF_WEIGHTED	5	0.3648	23461732	23461732	2.0413	3.7930
chr15	23467472	23472018	4.7340	3	0.5700	0.5703	BND	BND	BAF_WEIGHTED	4	0.4262	23467472	23467472	2.0342	2.6998
chr15	23472019	23586513	5.8675	92	0.6543	0.6549	BND	INV	BAF_WEIGHTED	110	0.3953	23472019	23472019	2.0250	3.8425
chr15	23586514	23747554	3.8663	30	0.5420	0.5173	INV	INV	BAF_WEIGHTED	141	0.4104	23586514	23586514	1.8663	2.0000
chr15	23747555	41329095	2.0069	6958	1.0000	1.0050	INV	DUP	BAF_WEIGHTED	14318	0.4113	23747555	23747555	0.0000	2.0069
chr15	41329096	41336310	4.0385	0	0.0000	1.0025	DUP	DUP	BAF_WEIGHTED	5	0.4300	41329096	41329096	0.0000	4.0385
chr15	41336311	84141972	2.0130	14944	1.0000	1.0050	DUP	BND	BAF_WEIGHTED	39435	0.4225	41336311	41336311	0.0000	2.0130
chr15	84141973	100001984	4.0124	7996	0.5398	0.5019	BND	SGL	BAF_WEIGHTED	14511	0.4209	84141973	84141973	1.9984	2.0140
chr15	100001985	101991189	4.0801	748	0.5385	0.5098	SGL	TELOMERE	BAF_WEIGHTED	1684	0.4514	100001985	100001985	2.0000	2.0801
chr16	1	34427000	3.2832	13860	0.5986	0.5992	TELOMERE	NONE	BAF_WEIGHTED	25218	0.4598	1	1	1.3160	1.9672
chr16	34427001	37295919	1.9991	65	1.0000	1.0051	NONE	CENTROMERE	BAF_WEIGHTED	945	0.3999	34258001	34596001	0.0000	1.9991
chr16	37295920	58590641	2.0044	3777	1.0000	1.0050	CENTROMERE	DEL	BAF_WEIGHTED	11425	0.4365	37295920	37295920	0.0000	2.0044
chr16	58590642	58629426	0.0000	0	0.0000	1.0000	DEL	DEL	BAF_WEIGHTED	38	0.4414	58590642	58590642	0.0000	0.0000
chr16	58629427	78894739	1.9859	7757	1.0000	1.0051	DEL	DEL	BAF_WEIGHTED	18488	0.4140	58629427	58629427	0.0000	1.9859
chr16	78894740	79061106	0.9470	135	1.0000	1.0000	DEL	DEL	BAF_WEIGHTED	163	0.4355	78894740	78894740	0.0000	0.9470
chr16	79061107	90338345	1.9999	6260	1.0000	1.0051	DEL	TELOMERE	BAF_WEIGHTED	9562	0.4785	79061107	79061107	0.0000	1.9999
chr17	1	24849829	2.9942	9281	0.6717	0.6728	TELOMERE	CENTROMERE	BAF_WEIGHTED	18158	0.4615	1	1	0.9796	2.0146
chr17	24849830	83257441	3.0504	18371	0.6741	0.6753	CENTROMERE	TELOMERE	BAF_WEIGHTED	49294	0.4525	24849830	24849830	0.9905	2.0598
chr18	1	9868619	2.0193	5232	1.0000	1.0050	TELOMERE	BND	BAF_WEIGHTED	9302	0.4014	1	1	0.0000	2.0193
chr18	9868620	18161052	2.8681	1987	0.7115	0.7130	BND	CENTROMERE	BAF_WEIGHTED	3899	0.4295	9868620	9868620	0.8232	2.0449
chr18	18161053	68712224	2.8515	18384	0.7052	0.7066	CENTROMERE	DEL	BAF_WEIGHTED	45544	0.3909	18161053	18161053	0.8365	2.0150
chr18	68712225	68715589	2.2491	0	0.0000	0.6280	DEL	DEL	BAF_WEIGHTED	2	0.4570	68712225	68712225	0.8365	1.4125
chr18	68715590	74573430	2.8537	2808	0.7061	0.7076	DEL	DEL	BAF_WEIGHTED	5597	0.3738	68715590	68715590	0.8345	2.0192
chr18	74573431	74573436	2.4395	0	0.0000	0.6542	DEL	DEL	STRUCTURAL_VARIANT	0	0.0000	74573431	74573431	0.8435	1.5959
chr18	74573437	80373285	2.8897	3086	0.7066	0.7081	DEL	TELOMERE	BAF_WEIGHTED	5197	0.4387	74573437	74573437	0.8435	2.0461
chr19	1	17286002	2.8689	6839	0.6865	0.6878	TELOMERE	BND	BAF_WEIGHTED	14092	0.5129	1	1	0.8957	1.9733
chr19	17286003	17286832	2.0320	0	0.0000	0.5592	BND	BND	STRUCTURAL_VARIANT	0	0.0000	17286003	17286003	0.8957	1.1364
chr19	17286833	25844926	2.8907	3201	0.6863	0.6876	BND	CENTROMERE	BAF_WEIGHTED	5934	0.4539	17286833	17286833	0.9031	1.9876
chr19	25844927	58617616	2.9311	13026	0.6859	0.6872	CENTROMERE	TELOMERE	BAF_WEIGHTED	26673	0.4753	25844927	25844927	0.9169	2.0142
chr20	1	13180082	4.0373	6339	0.5402	0.5046	TELOMERE	DEL	BAF_WEIGHTED	12429	0.4160	1	1	2.0002	2.0371
chr20	13180083	13183454	2.1193	1	1.0000	1.0048	DEL	DEL	BAF_WEIGHTED	2	0.4065	13180083	13180083	0.0000	2.1193
chr20	13183455	14982311	3.9975	625	0.5385	0.5003	DEL	DEL	BAF_WEIGHTED	1712	0.3828	13183455	13183455	1.9975	2.0000
chr20	14982312	15008179	2.9571	1	0.5532	0.5532	DEL	DEL	BAF_WEIGHTED	24	0.3898	14982312	14982312	1.3213	1.6359
chr20	15008180	15019977	2.7177	0	0.0000	0.6317	DEL	DEL	BAF_WEIGHTED	10	0.4156	15008180	15008180	1.0010	1.7167
chr20	15019978	15033196	1.5744	3	0.6341	0.6358	DEL	DEL	BAF_WEIGHTED	13	0.4170	15019978	15019978	0.5733	1.0010
chr20	15033197	15033303	2.6683	0	0.0000	0.6335	DEL	DEL	STRUCTURAL_VARIANT	0	0.0000	15033197	15033197	0.9779	1.6904
chr20	15033304	15128172	3.6904	69	0.5538	0.5419	DEL	DEL	BAF_WEIGHTED	94	0.3793	15033304	15033304	1.6904	2.0000
chr20	15128173	28237289	4.0358	4823	0.5395	0.5049	DEL	CENTROMERE	BAF_WEIGHTED	9930	0.4269	15128173	15128173	1.9982	2.0377
chr20	28237290	38645823	3.9965	1773	0.5407	0.5050	CENTROMERE	BND	BAF_WEIGHTED	7141	0.4659	28237290	28237290	1.9784	2.0181
chr20	38645824	38646024	5.0245	0	0.0000	0.6043	BND	BND	STRUCTURAL_VARIANT	0	0.0000	38645824	38645824	1.9882	3.0363
chr20	38646025	64444167	4.0256	9589	0.5398	0.5061	BND	TELOMERE	BAF_WEIGHTED	23672	0.4552	38646025	38646025	1.9882	2.0374
chr21	1	8594707	3.0058	0	0.0000	0.6724	TELOMERE	DEL	LONG_ARM	8	0.4051	1	1	0.9846	2.0212
chr21	8594708	8595620	3.0058	0	0.0000	0.6724	DEL	DEL	LONG_ARM	0	0.0000	8594708	8594708	0.9846	2.0212
chr21	8595621	11890183	3.0058	0	0.0000	0.6724	DEL	CENTROMERE	LONG_ARM	0	0.0000	8595621	8595621	0.9846	2.0212
chr21	11890184	46709983	3.0058	15255	0.6713	0.6724	CENTROMERE	TELOMERE	BAF_WEIGHTED	29949	0.4047	11890184	11890184	0.9846	2.0212
chr22	1	14004552	4.0190	0	0.0000	0.5115	TELOMERE	CENTROMERE	LONG_ARM	0	0.6845	1	1	1.9631	2.0559
chr22	14004553	20356854	4.0190	1174	0.5387	0.5115	CENTROMERE	DUP	BAF_WEIGHTED	2183	0.4932	14004553	14004553	1.9631	2.0559
chr22	20356855	20360432	4.1366	0	0.0000	0.5141	DUP	DUP	STRUCTURAL_VARIANT	0	0.0000	20356855	20356855	2.0098	2.1268
chr22	20360433	33363263	3.9923	4852	0.5409	0.5034	DUP	DEL	BAF_WEIGHTED	10897	0.4659	20360433	20360433	1.9825	2.0098
chr22	33363264	33442412	2.8690	18	0.6450	0.6460	DEL	DEL	BAF_WEIGHTED	77	0.4314	33363264	33363264	1.0157	1.8533
chr22	33442413	44653314	3.9752	4965	0.5394	0.5034	DEL	SGL	BAF_WEIGHTED	10214	0.4817	33442413	33442413	1.9742	2.0010
chr22	44653315	50818468	4.0062	3515	0.5398	0.5008	SGL	TELOMERE	BAF_WEIGHTED	5132	0.5066	44653315	44653315	2.0000	2.0062
chrX	1	31178826	1.9719	0	0.0000	1.0000	TELOMERE	DEL	BAF_WEIGHTED	26477	0.3948	1	1	0.0000	1.9719
chrX	31178827	31198093	0.9679	0	0.0000	1.0000	DEL	DEL	BAF_WEIGHTED	18	0.3888	31178827	31178827	0.0000	0.9679
chrX	31198094	31283086	1.9573	0	0.0000	1.0000	DEL	DEL	BAF_WEIGHTED	83	0.3940	31198094	31198094	0.0000	1.9573
chrX	31283087	32020632	0.9787	0	0.0000	1.0000	DEL	DEL	BAF_WEIGHTED	696	0.3685	31283087	31283087	0.0000	0.9787
chrX	32020633	32059738	1.9601	0	0.0000	1.0000	DEL	DEL	BAF_WEIGHTED	37	0.3514	32020633	32020633	0.0000	1.9601
chrX	32059739	32080415	1.0673	0	0.0000	1.0000	DEL	DEL	BAF_WEIGHTED	19	0.3537	32059739	32059739	0.0000	1.0673
chrX	32080416	32183134	0.0703	0	0.0000	1.0000	DEL	DEL	BAF_WEIGHTED	100	0.3699	32080416	32080416	0.0000	0.0703
chrX	32183135	32274979	1.0407	0	0.0000	1.0000	DEL	DEL	BAF_WEIGHTED	85	0.3542	32183135	32183135	0.0000	1.0407
chrX	32274980	34041661	1.9601	0	0.0000	1.0000	DEL	DEL	BAF_WEIGHTED	1715	0.3558	32274980	32274980	0.0000	1.9601
chrX	34041662	34044587	0.0000	0	0.0000	1.0000	DEL	DEL	BAF_WEIGHTED	2	0.3630	34041662	34041662	0.0000	0.0000
chrX	34044588	60509060	1.9603	0	0.0000	1.0000	DEL	CENTROMERE	BAF_WEIGHTED	20889	0.4066	34044588	34044588	0.0000	1.9603
chrX	60509061	156040895	1.9558	0	0.0000	1.0000	CENTROMERE	TELOMERE	BAF_WEIGHTED	78369	0.3875	60509061	60509061	0.0000	1.9558
chrY	1	10430491	0.0000	0	0.0000	1.0000	TELOMERE	CENTROMERE	BAF_WEIGHTED	2601	0.4083	1	1	0.0000	0.0000
chrY	10430492	57227415	0.0000	0	0.0000	1.0000	CENTROMERE	TELOMERE	BAF_WEIGHTED	7005	0.3866	10430492	10430492	0.0000	0.0000
